"DATASET_ID","VERSION_ID","VERSION","VERSION_DATE","DESCRIPTION"
"1","1","N/A","",""
"2","1","N/A","",""
"18","1","N/A","",""
"5","1","N/A","",""
"6","1","N/A","",""
"7","1","N/A","",""
"8","1","N/A","",""
"9","1","N/A","",""
"11","1","N/A","",""
"28","1","N/A","",""
"29","1","N/A","",""
"30","1","N/A","",""
"38","1","N/A","",""
"41","1","N/A","",""
"19","1","N/A","",""
"22","1","N/A","",""
"20","1","N/A","",""
"21","1","N/A","",""
"23","1","N/A","",""
"26","1","N/A","",""
"27","1","N/A","",""
"10","1","N/A","",""
"12","1","N/A","",""
"14","1","N/A","",""
"15","1","N/A","",""
"17","1","N/A","",""
"31","1","N/A","",""
"32","1","N/A","",""
"33","1","N/A","",""
"13","1","N/A","",""
"16","1","N/A","",""
"24","1","N/A","",""
"25","1","N/A","",""
"3","1","N/A","",""
"4","1","N/A","",""
"40","1","N/A","",""
"39","1","N/A","",""
"34","1","N/A","",""
"35","1","N/A","",""
"43","1","N/A","",""
"37","1","N/A","",""
"36","1","N/A","",""
"42","1","N/A","",""
"44","1","N/A","",""
"218","1","TBD","22-JUL-09","Initial processor version."
"219","1","TBD","22-JUL-09","Initial processor version."
"45","1","A","14-JAN-02","Initial processor version."
"45","2","B","","Version B."
"45","3","C","27-AUG-08","Version C."
"46","1","A","14-JAN-02","Initial processor version."
"46","2","B","","Version B."
"46","3","C","27-AUG-08","Version C."
"47","1","A","14-JAN-02","Initial processor version."
"47","2","B","","Version B."
"47","3","C","27-AUG-08","Version C."
"48","1","A","14-JAN-02","Initial processor version."
"48","2","B","","Version B."
"48","3","C","27-AUG-08","Version C."
"49","1","A","14-JAN-02","Initial processor version."
"49","2","B","","Version B."
"49","3","C","27-AUG-08","Version C."
"50","1","A","14-JAN-02","Initial processor version."
"50","2","B","","Version B."
"50","3","C","27-AUG-08","Version C."
"51","1","A","14-JAN-02","Initial processor version."
"51","2","B","","Version B."
"51","3","C","27-AUG-08","Version C."
"52","1","A","14-JAN-02","Initial processor version."
"52","2","B","","Version B."
"52","3","C","27-AUG-08","Version C."
"53","1","A","14-JAN-02","Initial processor version."
"53","2","B","","Version B."
"53","3","C","27-AUG-08","Version C."
"54","1","A","14-JAN-02","Initial processor version."
"54","2","B","","Version B."
"54","3","C","27-AUG-08","Version C."
"55","1","A","14-JAN-02","Initial processor version."
"55","2","B","","Version B."
"55","3","C","27-AUG-08","Version C."
"56","1","A","14-JAN-02","Initial processor version."
"56","2","B","","Version B."
"56","3","C","27-AUG-08","Version C."
"57","1","A","14-JAN-02","Initial processor version."
"57","2","B","","Version B."
"57","3","C","27-AUG-08","Version C."
"58","1","A","14-JAN-02","Initial processor version."
"58","2","B","","Version B."
"58","3","C","27-AUG-08","Version C."
"59","1","A","14-JAN-02","Initial processor version."
"59","2","B","","Version B."
"59","3","C","27-AUG-08","Version C."
"60","1","A","14-JAN-02","Initial processor version."
"60","2","B","","Version B."
"60","3","C","27-AUG-08","Version C."
"61","1","A","14-JAN-02","Initial processor version."
"61","2","B","","Version B."
"61","3","C","27-AUG-08","Version C."
"62","1","TBD","04-JUN-09","Initial version."
"63","1","TBD","04-JUN-09","Initial version."
"64","1","TBD","04-JUN-09","Initial version."
"65","1","TBD","04-JUN-09","Initial version."
"66","1","TBD","04-JUN-09","Initial version."
"67","1","TBD","04-JUN-09","Initial version."
"68","1","TBD","04-JUN-09","Initial version."
"69","1","TBD","04-JUN-09","Initial version."
"70","1","TBD","04-JUN-09","Initial version."
"71","1","TBD","04-JUN-09","Initial version."
"72","1","TBD","04-JUN-09","Initial version."
"73","1","TBD","04-JUN-09","Initial version."
"74","1","2.5.1-1/2006-11-14","14-NOV-06","Latest processor version."
"75","1","2.5.1-1/2006-11-14","14-NOV-06","Latest processor version."
"76","1","2.5.1-1/2006-11-14","14-NOV-06","Latest processor version."
"77","1","2.5.1-1/2006-11-14","14-NOV-06","Latest processor version."
"78","1","2.5.1-1/2006-11-14","14-NOV-06","Latest processor version."
"79","1","2.5.1-1/2006-11-14","14-NOV-06","Latest processor version."
"80","1","2.5.1-1/2006-11-14","14-NOV-06","Latest processor version."
"81","1","2.5.1-1/2006-11-14","14-NOV-06","Latest processor version."
"82","1","2.5.1-1/2006-11-14","14-NOV-06","Latest processor version."
"83","1","2.5.1-1/2006-11-14","14-NOV-06","Latest processor version."
"84","1","2.5.1-1/2006-11-14","14-NOV-06","Latest processor version."
"85","1","2.5.1-1/2006-11-14","14-NOV-06","Latest processor version."
"86","1","2.5.1-1/2006-11-14","14-NOV-06","Latest processor version."
"87","1","2.5.1-1/2006-11-14","14-NOV-06","Latest processor version."
"88","1","2.5.1-1/2006-11-14","14-NOV-06","Latest processor version."
